"DESCRIPTION","DURATION IN MS","NAME","PARENT SUITE","START TIME","STATUS","STOP TIME","SUB SUITE","SUITE","TEST CLASS","TEST METHOD"
"","633","Login","chromium","2026-10-04","passed","2026-10-04","","LoginTest.spec.ts","",""
"","1302","Make appointment negative test with login","chromium","2026-10-04","passed","2026-10-04","","MakeAppointmentNegativeTest.spec.ts","",""
"","7915","Bulk make appointment workflow with login","firefox","2026-10-04","passed","2026-10-04","","BulkMakeAppointment.spec.ts","",""
"","852","Landing page visual test","chromium","2026-10-04","passed","2026-10-04","","VisualTest.spec.ts","",""
"","1914","Full appointment workflow with login","firefox","2026-10-04","passed","2026-10-04","","FullMakeAppointment.spec.ts","",""
"","1624","Make appointment negative test with login","firefox","2026-10-04","passed","2026-10-04","","MakeAppointmentNegativeTest.spec.ts","",""
"","1582","Full appointment workflow with login","chromium","2026-10-04","passed","2026-10-04","","FullMakeAppointment.spec.ts","",""
"","1171","Main menu buttons check","firefox","2026-10-04","passed","2026-10-04","","CheckMenu.spec.ts","",""
"","6184","Bulk make appointment workflow with login","chromium","2026-10-04","passed","2026-10-04","","BulkMakeAppointment.spec.ts","",""
"","799","Main menu buttons check","chromium","2026-10-04","passed","2026-10-04","","CheckMenu.spec.ts","",""
"","2171","Check menu after login","firefox","2026-10-04","passed","2026-10-04","","CheckMenuAfterLogin.spec.ts","",""
"","870","Landing page visual test","firefox","2026-10-04","passed","2026-10-04","","VisualTest.spec.ts","",""
"","951","Login","firefox","2026-10-04","passed","2026-10-04","","LoginTest.spec.ts","",""
"","1612","Check menu after login","chromium","2026-10-04","passed","2026-10-04","","CheckMenuAfterLogin.spec.ts","",""
